exponent	R0	R2	R3	R4	R5	R6	R7	R8	R9
1	999999.999999998	999787.217065192	999566.491073657	995159.392383397	985801.65695531	972277.644901043	895034.418872083	603762.919896641	420746.351376316
2	0	212.782934808628	433.508926342892	4840.60761660248	4858.08886254211	10496.5734326398	68198.8787912668	253310.723514212	333317.938296693
3	0	0	0	0	9340.25418214942	17225.7816663155	36766.7023366501	127503.22997416	146984.112322187
4	0	0	0	0	0	0	0	15423.1266149871	98951.5980048033
